id;doc_type;doc_storage;created_date;modified_date
1;Ergonomic program platforms;out-of-the-box Extension calculate;2019-07-21;2019-07-21
2;Louisiana bus;Streets Engineer deposit;2019-07-22;2019-07-21
3;Incredible open architecture Movies;Mouse SMTP Vision-oriented;2019-07-21;2019-07-22
4;Generic;Vatu Bedfordshire;2019-07-22;2019-07-22
5;Small Soft Gloves;invoice Interactions;2019-07-21;2019-07-22
6;neural Handcrafted Fresh Ball invoice;UAE Dirham Florida Fantastic;2019-07-21;2019-07-21
7;Synergistic deliver;synergize;2019-07-21;2019-07-21
8;Landing;Practical Soft Chair;2019-07-21;2019-07-21
9;Fresh;zero administration Internal synthesize;2019-07-21;2019-07-21
10;Strategist;hard drive migration;2019-07-21;2019-07-21
