id;policy_code;plan_code;plan_type;agent_code;status;rider_names;contact_by_call;contact_by_sms;nric;name;gender;birth_date;email_id;phone_no;education_level;residential_postal_code;residential_unit_no;residential_address_1;residential_address_2;residential_address_3;residential_address_4;residential_same_as_mailing;mailing_postal_code;mailing_unit_no;mailing_address_1;mailing_address_2;mailing_address_3;mailing_address_4;occupation;residential_status;nationality;place_of_nationality;country_of_birth;place_of_birth;occupation_code;name_of_employer;annual_income;address_type;marital_status;uinfin;my_info_verified;created_date;modified_date
1;mobile Fish;Home Loan ;Trace;Savings Account alarm;Tasty Metal Bacon;red Chips Soap;Home ;web-r;Namibia;Steel zero administration;M;grey Cambr;Canyon HDD;Table Small Fro;e;infome;Investm;Games Regional Digitized;copy convergence;Mayotte;Industrial;conne;capaci;sky blu;compress South Georgia and the South Sandwich Islands;compelling mission-critical;bifurcated scalable;Small;deliverables reinvent 24 hour;ove;monitor 10;world-class Frozen IB;Hig;moratorium moratorium;New ;Frozen bus;hard drive Robu;Poland;S;Outdoors;Harbor Montana;2019-07-21;2019-07-21
2;Phased;Saint Luci;Generic neutral Salad;Auto Loan Account modular Refined;digital maroon;EXE projection Fresh;suppo;withd;copying;ability Hat Iraq;m;User-centr;Mauritania;facilitate Tast;B;missio;Berkshi;Canadian Dollar;Berkshire Designer;Credit Card Account;navigate;Re-co;web-en;bypassi;installation;Argentine Peso;Kentucky Algerian Dinar Clothing;open-source turn-key;Sausages;dis;bricks-and;Fiji Dollar Profound Bacon;Mac;Agent;Huma;even-keeled Saint Helena Pound;Internal AI opt;bypassing Marketing;D;Branding;Home Gloves Lat;2019-07-21;2019-07-21
3;Manager Fish;Networked;Fish;payment calculating;local area network Benin;turn-key dedicated;Wisco;targe;dot-com p;white sensor local;c;Chips;Villages uniform PCI;Automotive Tact;W;reinve;eco-cen;Configuration UIC-Franc;Ergonomic Concrete Soap Zambian Kwacha;Concrete Bedfordshire;portal calculating Metal;real-;Synerg;Borders;olive Handcrafted Cotton Bacon Unbranded Fresh Pants;incubate;interfaces;Garden Dale Wallis and Futuna;generating;Com;interface;compress lavender Investment Account;bac;Iran;Phil;Strategist;card Licensed C;mindshare Gorgeous;C;navigatin;Som Rustic Froz;2019-07-22;2019-07-21
4;microchip;Response i;alarm Jamaica;system Gorgeous Rubber Pants;hack;leading-edge;Ergon;Devel;Buckingha;withdrawal Generic Frozen Tuna;G;Norfolk Is;invoice Outdoors New York;multi-byte Jama;S;parsin;Brandin;yellow;Books Generic;robust withdrawal generate;Garden open-source hybrid;Solom;Person;schemas;quantify multi-byte;interface Cotton Robust;user-centric Infrastructure;Managed Dobra application;Fantastic;Lie;Direct;Small Frozen Salad bypassing;tim;Borders Borders Practical;meth;Pakistan;parse;neural Wooden Optimizatio;T;bandwidth;program Auto Lo;2019-07-22;2019-07-21
5;Centralized revolutionize;Sleek;Visionary;exploit transition;User-centric Principal Pe;repurpose Sleek;mesh ;Cotto;Advanced ;Handmade Wooden Cheese Fresh;i;Markets;Glen Refined;Mandatory Assis;S;Incred;Senior ;Central African Republic;magenta heuristic;Credit Card Account Maryland Legacy;Product;Brand;B2B Mo;Junctio;analyzing holistic;Architect;Beauty dynamic schemas;Pound Sterling Keyboard;Licensed Usability models;Per;SCSI Aruba;drive online;Lia;Assistant generating;Prac;SMS;Zimbabwe parse ;input Accounts;e;Response;white SMTP;2019-07-21;2019-07-21
6;global;Baby;Kyrgyz Republic transmit;solution connecting;California PNG engage;Burg;trans;digit;seamless ;Unbranded array;B;middleware;Data Granite Configuration;compress Practi;B;Illino;Granite;enable;deposit Chicken best-of-breed;RSS Buckinghamshire Officer;teal Licensed Wooden Pants;e-bus;Awesom;Kiribat;cyan innovative;open architecture alliance;online;Bulgarian Lev Cambridgeshire;Regional;Hom;primary qu;Guyana;Bed;monitor Small Wooden Ball;feed;connecting generate Music;Inlet Hungary C;interface;T;overridin;internet soluti;2019-07-22;2019-07-22
7;distributed Ranch impactf;Berkshire ;pixel Pennsylvania;architectures Cotton;viral;payment Illinois dot-com;metho;Pants;Avon;blue scalable Car;b;Fresh incu;Jewelery Engineer Bedfordshire;Tanzanian Shill;G;silver;system;Buckinghamshire;Bouvet Island (Bouvetoya);Auto Loan Account asymmetric Montana;Applications;Monte;fricti;Rubber ;Trinidad and Tobago Dollar;Customer-focused;Shoes Rubber Mall;users scalable;transmitting parse infrastructures;mat;Mobility;Arizona synthesizing Fresh;ove;open-source;paym;HDD;Tanzanian Shill;e-enable Plaza intranet;c;synthesiz;Pre-emptive Bou;2019-07-22;2019-07-21
8;cross-media Wooden optica;Borders re;mobile Cheese;program;hack Electronics Oklahoma;Cambridgeshire navigate Licensed;Fanta;Inves;haptic Sh;models;d;port Money;Chips National Idaho;vortals value-a;S;Generi;HDD Sec;solid state Clothing deposit;Maine Checking Account markets;Unbranded programming District;Concrete;Pizza;FTP;Persist;Handmade Plastic Mouse neural;Money Market Account;synergize;JSON National;interactive capacitor;Ida;Concrete T;Automotive frame;Ind;Bedfordshire Strategist;Towe;Zimbabwe;Bedfordshire;application scale;i;Expresswa;Tools Street;2019-07-21;2019-07-21
9;reciprocal;Mountain M;Borders hack;Pants;Tasty navigate didactic;payment schemas Industrial;calcu;withd;olive;Kids Incredible;F;Licensed V;neural Markets Branding;maroon;s;Kids;microch;Music Salad North Carolina;circuit Forward;frictionless solution-oriented;distributed Computers;Money;SQL la;transmi;Agent Squares;supply-chains;Bedfordshire;Peru withdrawal Down-sized;invoice;Lia;Lari;Sports Global Soft;Bed;calculating yellow;Wood;Future;pixel Phased pa;Towels Internal;s;Fantastic;Generic;2019-07-21;2019-07-22
10;generate;action-ite;monitor methodology West ;reintermediate Factors;sensor;4th generation;clear;index;Savings A;robust;i;Investment;auxiliary;Engineer Toys F;L;Market;Compute;input invoice calculate;Philippine Peso parsing Triple-buffered;deposit Rand Namibia Dollar;Branding;Handc;Towels;Metal;complexity Direct Administrator;online program Refined Granite Gloves;quantifying Baby;one-to-one Connecticut;Unbranded Tugrik;mod;projection;withdrawal alarm Timor-Leste;Per;Track;Book;Data Tasty Steel Pants Licensed Steel Shirt;Manor;Utah zero defect;b;Russian F;Practical;2019-07-22;2019-07-22
