id;nric;name;gender;birth_date;email_id;phone_no;education_level;residential_postal_code;residential_unit_no;residential_address_1;residential_address_2;residential_address_3;residential_address_4;residential_same_as_mailing;mailing_postal_code;mailing_unit_no;mailing_address_1;mailing_address_2;mailing_address_3;mailing_address_4;occupation;occupation_code;residential_status;nationality;place_of_nationality;country_of_birth;place_of_birth;name_of_employer;annual_income;address_type;marital_status;uinfin;created_date;modified_date;hash_1;hash_2
1;SQL;Persevering Gorgeous Steel Salad Associate;F;lavender;neural Cloned Massachusetts;SCSI Communicat;O;Intuit;quantif;Automated;architect;lavender;copying primary invoice;EXE;Personal L;connect Zi;Forward;Pre-emptive Reduced;Kids Customer;Practical AI didactic;Tunnel;Conf;Jew;Gorgeous R;Saint Helena Pound;Bor;Integration;Bond Markets Units European Composite Unit (EURCO);Facilitator;Cambridgeshire;B;open-sour;2019-07-21;2019-07-21;circuit;optical deposit
2;Pizza Fis;UIC-Franc;G;XSS RSS Ou;Music copying Reduced;Chair connectin;A;Money ;New Yor;Solomon Islands;Wooden radical Beauty;Facilitator 24/365;Sausages bypass;Direc;bypass har;Checking A;SCSI;Technician Architect calculate;Auto Loan Account;Movies Sports;target;comp;Wel;partnershi;calculating conglomeration bypassing;Kro;Liaison Grocery capacitor;applications invoice unleash;methodologies;e-services;p;payment e;2019-07-21;2019-07-21;Mouse fuchsia Licensed;connect
3;Saint Mar;Automotive;O;Rubber;Credit Card Account;architectures;N;Handcr;South C;website Curve;Circles;disintermediate Walks Credit Card Account;payment;XSS s;Concrete;Planner;Health;Savings Account Rupiah;back up Tactics;Borders;PCI;Spor;24/;Frozen;magenta Turkish Lira;gre;Metal Lead;Communications Generic Granite Gloves;Accountability ;seamless indexing Handcra;M;deposit C;2019-07-21;2019-07-21;protocol;Profound Shoes
4;Savings A;Pizza redundant deposit;T;Fundamenta;Borders Intelligent whiteboard;Practical Steel;i;XSS;mindsha;drive Analyst Awesome Fresh Hat;Michigan Clothing;Borders HDD;redundant withdrawal Planner;Natio;benchmark;invoice pr;synthesize;Investor Tuna;redefine;Shirt SDD;communities Refined;Pike;pay;envisionee;SMTP;mat;Savings Account redefine Multi-channelled;Team-oriented;initiatives;Jordan;U;Perseveri;2019-07-21;2019-07-22;strategic;Kids array
5;Kuwait op;online Utah COM;B;zero defec;Granite;Program;d;Estate;Incredi;Shirt Architect Developer;Automotive;invoice;Minnesota Open-architected Lebanon;Tugri;Plastic;capacitor;feed;Officer;feed;communities;Officer Quality-focused invoice;Iden;tra;Music Data;Savings Account Branding navigating;pay;Checking Account utilisation AI;USB primary Iowa;Refined withdra;Kuwaiti Dinar solid state;h;Nigeria;2019-07-22;2019-07-22;withdrawal;mesh Iceland Krona
6;Jordan Sa;deploy Advanced;N;Pakistan R;connect Berkshire;XSS Suriname;L;enable;Moldova;Investment Account generate;synthesize capacitor Andorra;violet Outdoors deposit;Functionality invoice streamline;Appli;yellow Sho;Open-sourc;Data;Moldova archive;monitor morph;networks Granite Computer;CSS haptic Fish;Lice;whi;Avon neura;integrate New Caledonia;Sol;invoice Cambridgeshire;Secured olive;Shirt next-gene;Legacy efficient Exclusiv;d;Trinidad ;2019-07-21;2019-07-21;Mouse Re-engineered;RSS sky blue Intelligent
7;model;Savings Account;d;Checking A;bi-directional Credit Card Account Kenyan Shilling;content monitor;I;array ;bypass;Generic;Savings Account monetize one-to-one;extensible Practical Granite Bacon;Turkish Lira;Profi;system-wor;Denmark hu;Tasty Cotton Tuna efficient Producer;Hill Awesome Rubber Computer;Directives payment override;Indonesia;content;back;Via;Chair Prod;Switchable Kyat;Mon;1080p;Rubber connecting back-end;Small Wooden Gl;Incredible Integration;B;Village;2019-07-21;2019-07-21;Sausages online;Planner navigating
8;Cambridge;Granite quantifying;C;back-end d;Graphic Interface;Keyboard;F;genera;Investm;Gloves Cambridgeshire revolutionize;withdrawal;Sleek Steel Hat;Versatile;San M;Cotton Mon;solutions ;Kids;withdrawal Shirt;South Carolina;Ferry;Cambridgeshire;Gene;Rus;data-wareh;Home Loan Account;Man;orange Soap;Suriname models;optical;Ports pink;I;interface;2019-07-21;2019-07-21;Inverse;Land
9;open-sour;synthesize Concrete;S;Pre-emptiv;Sleek Cotton Computer intermediate withdrawal;compressing Rus;W;alarm;cross-p;Key mobile Direct;Licensed withdrawal Quality;markets Extended programming;Triple-buffered;Strea;Points Pol;Cambridges;Analyst bandwidth Small Steel Computer;alarm Licensed Steel Computer Books;Buckinghamshire facilitate Green;holistic reboot invoice;e-business;Awes;Gor;regional c;Djibouti Franc Music;Mon;Generic Frozen Hat Camp Principal;back-end;Wall;Investment Account;L;deposit S;2019-07-22;2019-07-22;Savings Account Fantastic strategize;niches Savings Account
10;content-b;TCP invoice;N;SCSI;Universal Egypt invoice;Wall;i;Gloves;parse u;Handmade Wooden Computer Metal;Licensed Manager Borders;copying;relationships quantify generate;array;Refined Ne;Keyboard O;open-source;circuit Engineer Intelligent;SAS deposit;Saint Barthelemy;generating Savings Account Indian Rupee;hapt;syn;Sports bac;navigate Croatian Kuna hack;imp;deploy payment;SSL Savings Account reintermediate;Clothing Chair;Savings Account;B;Utah Miss;2019-07-21;2019-07-21;Awesome;Oklahoma
